epiweek,release_date,total_specimens,total_a,total_b,percent_a,percent_b,percent_positive
201640,2018-10-08,13380,120,90,0.896861,0.672646,1.56951
201641,2018-10-08,14053,108,83,0.768519,0.590621,1.35914
201642,2018-10-08,15110,115,97,0.761085,0.641959,1.40304
201643,2018-10-08,15312,143,88,0.933908,0.574713,1.50862
201644,2018-10-08,16652,201,118,1.20706,0.708624,1.91569
201645,2018-10-08,17811,271,121,1.52153,0.679355,2.20089
201646,2018-10-08,18948,347,144,1.83133,0.759975,2.5913
201647,2018-10-08,18520,451,169,2.43521,0.912527,3.34773
201648,2018-10-08,21542,532,183,2.46959,0.849503,3.3191
201649,2018-10-08,20564,696,180,3.38456,0.875316,4.25987
201650,2018-10-08,23476,1359,210,5.78889,0.894531,6.68342
201651,2018-10-08,26775,2556,339,9.54622,1.26611,10.8123
201652,2018-10-08,33273,4270,388,12.8332,1.16611,13.9993
201701,2018-10-08,35028,4288,386,12.2416,1.10198,13.3436
201702,2018-10-08,35198,4935,476,14.0207,1.35235,15.373
201703,2018-10-08,36732,6062,655,16.5033,1.78319,18.2865
201704,2018-10-08,38052,6254,797,16.4354,2.0945,18.5299
201705,2018-10-08,41435,7779,1097,18.774,2.64752,21.4215
201706,2018-10-08,47995,9702,1890,20.2146,3.93791,24.1525
201707,2018-10-08,49356,9546,2552,19.3411,5.1706,24.5117
201708,2018-10-08,47381,8763,2952,18.4948,6.23035,24.7251
201709,2018-10-08,40431,5605,2389,13.8631,5.90883,19.772
201710,2018-10-08,38487,4632,2785,12.0352,7.23621,19.2714
201711,2018-10-08,36598,3795,3171,10.3694,8.66441,19.0338
201712,2018-10-08,34695,3221,3727,9.28376,10.7422,20.0259
201713,2018-10-08,32481,2345,3658,7.21961,11.262,18.4816
201714,2018-10-08,28713,1443,2986,5.0256,10.3995,15.4251
201715,2018-10-08,25001,902,2283,3.60786,9.13163,12.7395
201716,2018-10-08,22091,567,1575,2.56666,7.1296,9.69626
201717,2018-10-08,18795,326,946,1.7345,5.03325,6.76776
201718,2018-10-08,16223,252,708,1.55335,4.36417,5.91752
201719,2018-10-08,15302,232,584,1.51614,3.81649,5.33264
201720,2018-10-08,13877,213,466,1.53491,3.35807,4.89299
201721,2018-10-08,12821,180,378,1.40395,2.94829,4.35223
201722,2018-10-08,11644,171,314,1.46857,2.69667,4.16524
201723,2018-10-08,10662,136,225,1.27556,2.1103,3.38586
201724,2018-10-08,9301,130,160,1.3977,1.72025,3.11794
201725,2018-10-08,8455,107,117,1.26552,1.3838,2.64932
201726,2018-10-08,7498,94,96,1.25367,1.28034,2.53401
201727,2018-10-08,7071,75,79,1.06067,1.11724,2.17791
201728,2018-10-08,7394,92,68,1.24425,0.919665,2.16392
201729,2018-10-08,7084,87,45,1.22812,0.635234,1.86335
201730,2018-10-08,6755,72,50,1.06588,0.740192,1.80607
201731,2018-10-08,6725,96,35,1.42751,0.520446,1.94796
201732,2018-10-08,6893,76,55,1.10257,0.797911,1.90048
201733,2018-10-08,7596,62,40,0.816219,0.526593,1.34281
201734,2018-10-08,8160,80,37,0.980392,0.453431,1.43382
201735,2018-10-08,9404,120,62,1.27605,0.659294,1.93535
201736,2018-10-08,10381,128,68,1.23302,0.655043,1.88806
201737,2018-10-08,11602,148,72,1.27564,0.620583,1.89622
201738,2018-10-08,12699,137,75,1.07883,0.590598,1.66942
201739,2018-10-08,13622,155,77,1.13787,0.565262,1.70313
201740,2019-10-04,15532,230,112,1.48081,0.721092,2.20191
201741,2019-10-04,16557,248,98,1.49786,0.591895,2.08975
201742,2019-10-04,17827,278,110,1.55943,0.617042,2.17647
201743,2019-10-04,18391,340,135,1.84873,0.734055,2.58279
201744,2019-10-04,20015,503,219,2.51312,1.09418,3.60729
201745,2019-10-04,21886,689,240,3.14813,1.09659,4.24472
201746,2019-10-04,23794,939,322,3.94637,1.35328,5.29966
201747,2019-10-04,23830,1336,353,5.60638,1.48133,7.0877
201748,2019-10-04,27213,1552,436,5.70316,1.60218,7.30533
201749,2019-10-04,30767,2479,827,8.05733,2.68794,10.7453
201750,2019-10-04,35194,4560,844,12.9568,2.39814,15.3549
201751,2019-10-04,48009,9237,1698,19.2401,3.53684,22.777
201752,2019-10-04,55518,12002,2092,21.6182,3.76815,25.3864
201801,2019-10-04,61316,13018,2535,21.231,4.13432,25.3653
201802,2019-10-04,68276,15149,3246,22.1879,4.75423,26.9421
201803,2019-10-04,69124,14782,3905,21.3848,5.64927,27.034
201804,2019-10-04,80322,16634,5350,20.7091,6.66069,27.3698
201805,2019-10-04,81687,15193,6915,18.599,8.46524,27.0643
201806,2019-10-04,81391,14116,7858,17.3434,9.65463,26.9981
201807,2019-10-04,74973,11371,8210,15.1668,10.9506,26.1174
201808,2019-10-04,60034,7177,6400,11.9549,10.6606,22.6155
201809,2019-10-04,48489,4405,4559,9.08453,9.40213,18.4867
201810,2019-10-04,40978,2897,3534,7.06965,8.62414,15.6938
201811,2019-10-04,36794,2349,3384,6.38419,9.19715,15.5813
201812,2019-10-04,33442,2023,3103,6.04928,9.27875,15.328
201813,2019-10-04,30668,1708,2927,5.56932,9.54415,15.1135
201814,2019-10-04,27339,1132,2337,4.1406,8.54823,12.6888
201815,2019-10-04,25052,901,1917,3.59652,7.65208,11.2486
201816,2019-10-04,21483,595,1424,2.76963,6.6285,9.39813
201817,2019-10-04,19328,472,1074,2.44205,5.55671,7.99876
201818,2019-10-04,17095,346,724,2.02398,4.23516,6.25914
201819,2019-10-04,14978,191,467,1.2752,3.11791,4.39311
201820,2019-10-04,13013,176,236,1.35249,1.81357,3.16606
201821,2019-10-04,11799,119,163,1.00856,1.38147,2.39003
201822,2019-10-04,10789,76,89,0.704421,0.824914,1.52934
201823,2019-10-04,9703,73,80,0.752345,0.824487,1.57683
201824,2019-10-04,8929,51,65,0.571173,0.727965,1.29914
201825,2019-10-04,8502,49,38,0.576335,0.446954,1.02329
201826,2019-10-04,7723,57,29,0.738055,0.375502,1.11356
201827,2019-10-04,6879,44,25,0.639628,0.363425,1.00305
201828,2019-10-04,6986,51,13,0.730031,0.186086,0.916118
201829,2019-10-04,6835,57,15,0.833943,0.219459,1.0534
201830,2019-10-04,6733,48,19,0.712907,0.282192,0.995099
201831,2019-10-04,6292,43,17,0.683408,0.270184,0.953592
201832,2019-10-04,6790,43,22,0.633284,0.324006,0.95729
201833,2019-10-04,7065,36,18,0.509554,0.254777,0.764331
201834,2019-10-04,7783,77,27,0.989336,0.34691,1.33625
201835,2019-10-04,8712,98,33,1.12489,0.378788,1.50367
201836,2019-10-04,9786,119,52,1.21602,0.531371,1.74739
201837,2019-10-04,12030,155,48,1.28845,0.399002,1.68745
201838,2019-10-04,13182,158,66,1.1986,0.500683,1.69929
201839,2019-10-04,14763,169,52,1.14475,0.352232,1.49699
201840,2020-10-02,16528,218,71,1.31897,0.429574,1.74855
201841,2020-10-02,18035,223,83,1.23648,0.460216,1.6967
201842,2020-10-02,20221,312,91,1.54295,0.450027,1.99298
201843,2020-10-02,21457,340,101,1.58456,0.470709,2.05527
201844,2020-10-02,22496,390,99,1.73364,0.440078,2.17372
201845,2020-10-02,23563,546,98,2.31719,0.415906,2.7331
201846,2020-10-02,24519,668,106,2.72442,0.432318,3.15674
201847,2020-10-02,24772,897,76,3.62102,0.306798,3.92782
201848,2020-10-02,28328,1002,107,3.53714,0.377718,3.91485
201849,2020-10-02,29078,1660,152,5.70878,0.522732,6.23152
201850,2020-10-02,33152,3242,194,9.7792,0.585183,10.3644
201851,2020-10-02,38423,5289,192,13.7652,0.499701,14.2649
201852,2020-10-02,43377,6849,244,15.7895,0.56251,16.352
201901,2020-10-02,44453,5243,153,11.7945,0.344184,12.1387
201902,2020-10-02,41606,5075,218,12.1978,0.523963,12.7217
201903,2020-10-02,42041,6673,187,15.8726,0.444804,16.3174
201904,2020-10-02,44194,8323,247,18.8329,0.558899,19.3918
201905,2020-10-02,48640,10676,292,21.949,0.600329,22.5493
201906,2020-10-02,54030,13151,429,24.3402,0.794003,25.1342
201907,2020-10-02,53289,13354,515,25.0596,0.966428,26.026
201908,2020-10-02,54061,13708,478,25.3565,0.884186,26.2407
201909,2020-10-02,53221,13436,441,25.2457,0.82862,26.0743
201910,2020-10-02,53256,13199,438,24.7841,0.822443,25.6065
201911,2020-10-02,53364,13376,569,25.0656,1.06626,26.1318
201912,2020-10-02,48749,10336,623,21.2025,1.27797,22.4805
201913,2020-10-02,42842,7672,598,17.9077,1.39583,19.3035
201914,2020-10-02,36735,4892,597,13.317,1.62515,14.9422
201915,2020-10-02,31723,3211,567,10.122,1.78735,11.9093
201916,2020-10-02,27999,1893,518,6.76096,1.85007,8.61102
201917,2020-10-02,24711,1031,413,4.17223,1.67132,5.84355
201918,2020-10-02,20167,634,338,3.14375,1.67601,4.81976
201919,2020-10-02,17735,404,277,2.27798,1.56188,3.83986
201920,2020-10-02,16998,333,269,1.95905,1.58254,3.54159
201921,2020-10-02,15674,276,260,1.76088,1.6588,3.41968
201922,2020-10-02,14371,212,231,1.47519,1.6074,3.0826
201923,2020-10-02,12617,144,208,1.14132,1.64857,2.78989
201924,2020-10-02,11400,129,135,1.13158,1.18421,2.31579
201925,2020-10-02,10463,109,90,1.04177,0.860174,1.90194
201926,2020-10-02,9132,93,97,1.0184,1.0622,2.0806
201927,2020-10-02,8852,129,86,1.4573,0.971532,2.42883
201928,2020-10-02,9075,102,81,1.12397,0.892562,2.01653
201929,2020-10-02,8339,105,80,1.25914,0.959348,2.21849
201930,2020-10-02,7951,104,85,1.30801,1.06905,2.37706
201931,2020-10-02,7881,104,85,1.31963,1.07854,2.39817
201932,2020-10-02,8080,79,87,0.977723,1.07673,2.05446
201933,2020-10-02,8310,78,95,0.938628,1.1432,2.08183
201934,2020-10-02,8892,94,116,1.05713,1.30454,2.36167
201935,2020-10-02,10506,142,221,1.35161,2.10356,3.45517
201936,2020-10-02,11816,136,230,1.15098,1.94651,3.09749
201937,2020-10-02,13366,152,180,1.13721,1.3467,2.48391
201938,2020-10-02,15055,162,253,1.07605,1.6805,2.75656
201939,2020-10-02,17349,153,323,0.881895,1.86178,2.74367
201940,2021-10-08,19851,136,124,0.685104,0.624654,1.30976
201941,2021-10-08,22113,146,181,0.660245,0.818523,1.47877
201942,2021-10-08,23131,172,187,0.743591,0.808439,1.55203
201943,2021-10-08,24630,201,354,0.816078,1.43727,2.25335
201944,2021-10-08,25417,221,556,0.869497,2.18751,3.05701
201945,2021-10-08,28842,414,1075,1.43541,3.7272,5.16261
201946,2021-10-08,31439,535,1589,1.70171,5.05423,6.75594
201947,2021-10-08,36497,903,2581,2.47418,7.07181,9.54599
201948,2021-10-08,35398,1079,2793,3.04819,7.89028,10.9385
201949,2021-10-08,41929,1426,3461,3.40099,8.25443,11.6554
201950,2021-10-08,44911,2158,5097,4.80506,11.3491,16.1542
201951,2021-10-08,54480,3697,8579,6.78598,15.7471,22.533
201952,2021-10-08,64024,5980,11264,9.34025,17.5934,26.9336
202001,2021-10-08,65177,5645,9664,8.66103,14.8273,23.4883
202002,2021-10-08,60717,6109,7928,10.0614,13.0573,23.1187
202003,2021-10-08,60316,7712,8020,12.786,13.2966,26.0826
202004,2021-10-08,64502,9478,8764,14.6941,13.5872,28.2813
202005,2021-10-08,72224,12102,9671,16.7562,13.3903,30.1465
202006,2021-10-08,71868,12960,8787,18.0331,12.2266,30.2596
202007,2021-10-08,69257,13372,7180,19.3078,10.3672,29.675
202008,2021-10-08,65212,12714,5755,19.4964,8.82506,28.3215
202009,2021-10-08,62427,11713,4363,18.7627,6.98896,25.7517
202010,2021-10-08,64149,11050,3378,17.2255,5.26587,22.4914
202011,2021-10-08,74416,9077,2690,12.1976,3.61481,15.8125
202012,2021-10-08,73090,4131,1352,5.65194,1.84977,7.50171
202013,2021-10-08,44754,759,280,1.69594,0.625642,2.32158
202014,2021-10-08,30838,196,122,0.635579,0.395616,1.0312
202015,2021-10-08,19572,75,46,0.3832,0.23503,0.61823
202016,2021-10-08,14443,58,32,0.401579,0.221561,0.623139
202017,2021-10-08,12822,20,8,0.155982,0.0623928,0.218375
202018,2021-10-08,10268,19,8,0.185041,0.077912,0.262953
202019,2021-10-08,8891,14,15,0.157463,0.16871,0.326173
202020,2021-10-08,7844,14,10,0.17848,0.127486,0.305966
202021,2021-10-08,7523,8,8,0.106341,0.106341,0.212681
202022,2021-10-08,6054,7,3,0.115626,0.049554,0.16518
202023,2021-10-08,6181,9,12,0.145608,0.194143,0.339751
202024,2021-10-08,5718,8,8,0.139909,0.139909,0.279818
202025,2021-10-08,5247,12,8,0.228702,0.152468,0.38117
202026,2021-10-08,5667,9,7,0.158814,0.123522,0.282336
202027,2021-10-08,6258,8,5,0.127836,0.0798977,0.207734
202028,2021-10-08,6322,6,5,0.0949067,0.0790889,0.173996
202029,2021-10-08,6176,11,12,0.178109,0.194301,0.372409
202030,2021-10-08,6042,5,4,0.0827541,0.0662032,0.148957
202031,2021-10-08,6105,3,5,0.04914,0.0819001,0.13104
202032,2021-10-08,6330,7,4,0.110585,0.0631912,0.173776
202033,2021-10-08,6120,4,4,0.0653595,0.0653595,0.130719
202034,2021-10-08,6238,6,8,0.0961847,0.128246,0.224431
202035,2021-10-08,6443,7,13,0.108645,0.201769,0.310414
202036,2021-10-08,6543,7,6,0.106985,0.0917011,0.198686
202037,2021-10-08,7059,7,6,0.0991642,0.0849979,0.184162
202038,2021-10-08,8083,14,18,0.173203,0.22269,0.395893
202039,2021-10-08,9019,11,9,0.121965,0.0997893,0.221754
202040,2022-10-07,12200,19,21,0.155738,0.172131,0.327869
202041,2022-10-07,14924,30,28,0.201018,0.187617,0.388636
202042,2022-10-07,15112,27,26,0.178666,0.172049,0.350715
202043,2022-10-07,16611,21,21,0.126422,0.126422,0.252845
202044,2022-10-07,20552,22,19,0.107046,0.0924484,0.199494
202045,2022-10-07,27187,31,25,0.114025,0.0919557,0.205981
202046,2022-10-07,34907,32,44,0.0916722,0.126049,0.217721
202047,2022-10-07,38746,34,54,0.087751,0.139369,0.22712
202048,2022-10-07,35276,19,36,0.053861,0.102052,0.155913
202049,2022-10-07,42526,31,65,0.0728966,0.152848,0.225744
202050,2022-10-07,41778,26,76,0.0622337,0.181914,0.244148
202051,2022-10-07,40917,36,81,0.087983,0.197962,0.285945
202052,2022-10-07,36310,34,67,0.0936381,0.184522,0.27816
202053,2022-10-07,40471,34,73,0.0840108,0.180376,0.264387
202101,2022-10-07,44971,28,95,0.0622623,0.211247,0.27351
202102,2022-10-07,41807,24,48,0.0574067,0.114813,0.17222
202103,2022-10-07,39002,21,62,0.0538434,0.158966,0.21281
202104,2022-10-07,36455,12,50,0.0329173,0.137155,0.170073
202105,2022-10-07,36559,21,53,0.0574414,0.144971,0.202413
202106,2022-10-07,34089,11,35,0.0322685,0.102672,0.134941
202107,2022-10-07,32424,19,22,0.0585986,0.067851,0.12645
202108,2022-10-07,34328,17,25,0.0495223,0.0728268,0.122349
202109,2022-10-07,34184,14,17,0.0409548,0.0497309,0.0906857
202110,2022-10-07,34191,15,21,0.0438712,0.0614197,0.105291
202111,2022-10-07,34680,26,19,0.0749712,0.0547866,0.129758
202112,2022-10-07,35763,13,17,0.0363504,0.0475352,0.0838856
202113,2022-10-07,31900,13,9,0.0407524,0.0282132,0.0689655
202114,2022-10-07,31520,10,14,0.0317259,0.0444162,0.0761421
202115,2022-10-07,30238,8,13,0.0264568,0.0429923,0.069449
202116,2022-10-07,30568,12,16,0.0392567,0.0523423,0.0915991
202117,2022-10-07,31247,16,10,0.0512049,0.0320031,0.083208
202118,2022-10-07,30176,10,15,0.0331389,0.0497084,0.0828473
202119,2022-10-07,29035,17,13,0.05855,0.0447735,0.103324
202120,2022-10-07,28416,23,20,0.0809403,0.0703829,0.151323
202121,2022-10-07,24574,14,23,0.0569708,0.0935949,0.150566
202122,2022-10-07,23886,7,15,0.0293059,0.0627983,0.0921042
202123,2022-10-07,25258,8,18,0.0316731,0.0712645,0.102938
202124,2022-10-07,24440,17,12,0.0695581,0.0490998,0.118658
202125,2022-10-07,22366,12,17,0.0536529,0.0760082,0.129661
202126,2022-10-07,22756,3,13,0.0131833,0.0571278,0.0703111
202127,2022-10-07,25064,5,9,0.0199489,0.0359081,0.055857
202128,2022-10-07,26255,11,17,0.0418968,0.0647496,0.106646
202129,2022-10-07,27718,5,13,0.0180388,0.0469009,0.0649398
202130,2022-10-07,30276,11,12,0.0363324,0.0396354,0.0759678
202131,2022-10-07,28889,14,18,0.0484614,0.0623075,0.110769
202132,2022-10-07,35191,8,11,0.0227331,0.031258,0.0539911
202133,2022-10-07,33470,14,10,0.0418285,0.0298775,0.071706
202134,2022-10-07,40107,13,11,0.0324133,0.0274266,0.0598399
202135,2022-10-07,41117,22,13,0.0535058,0.0316171,0.0851229
202136,2022-10-07,36912,11,9,0.0298006,0.0243823,0.0541829
202137,2022-10-07,43510,11,14,0.0252815,0.0321765,0.0574581
202138,2022-10-07,40634,12,17,0.0295319,0.0418369,0.0713688
202139,2022-10-07,44256,29,23,0.0655278,0.0519704,0.117498
202140,2023-10-06,49688,41,37,0.0825149,0.0744647,0.15698
202141,2023-10-06,46313,24,32,0.0518213,0.0690951,0.120916
202142,2023-10-06,48913,26,39,0.0531556,0.0797334,0.132889
202143,2023-10-06,51914,99,33,0.1907,0.0635667,0.254267
202144,2023-10-06,57035,124,37,0.21741,0.0648724,0.282283
202145,2023-10-06,63268,309,36,0.488399,0.0569008,0.545299
202146,2023-10-06,72905,687,45,0.942322,0.0617242,1.00405
202147,2023-10-06,71888,1285,39,1.7875,0.0542511,1.84175
202148,2023-10-06,85248,2395,71,2.80945,0.0832864,2.89274
202149,2023-10-06,97782,3913,51,4.00176,0.0521568,4.05392
202150,2023-10-06,108196,6681,61,6.1749,0.0563792,6.23128
202151,2023-10-06,126904,7240,78,5.7051,0.0614638,5.76656
202152,2023-10-06,147040,6088,109,4.14037,0.0741295,4.2145
202201,2023-10-06,150872,3606,68,2.39011,0.0450713,2.43518
202202,2023-10-06,129424,2600,72,2.0089,0.0556311,2.06453
202203,2023-10-06,106771,2190,72,2.05112,0.067434,2.11855
202204,2023-10-06,87124,1722,46,1.97649,0.0527983,2.02929
202205,2023-10-06,68893,1570,41,2.2789,0.0595126,2.33841
202206,2023-10-06,64800,1855,47,2.86265,0.0725309,2.93519
202207,2023-10-06,62953,2525,65,4.01093,0.103252,4.11418
202208,2023-10-06,61128,2813,33,4.60182,0.0539851,4.6558
202209,2023-10-06,61079,3612,43,5.91365,0.0704006,5.98405
202210,2023-10-06,62009,4206,54,6.78289,0.0870841,6.86997
202211,2023-10-06,62581,4951,52,7.91135,0.0830923,7.99444
202212,2023-10-06,66581,5483,36,8.23508,0.0540695,8.28915
202213,2023-10-06,66402,5564,115,8.37927,0.173188,8.55245
202214,2023-10-06,70497,6660,34,9.44721,0.048229,9.49544
202215,2023-10-06,69489,6844,26,9.84904,0.037416,9.88646
202216,2023-10-06,71915,6303,52,8.76451,0.0723076,8.83682
202217,2023-10-06,76971,6235,43,8.10045,0.0558652,8.15632
202218,2023-10-06,79892,6702,51,8.38882,0.0638362,8.45266
202219,2023-10-06,84554,6086,63,7.19777,0.0745086,7.27228
202220,2023-10-06,84708,5059,27,5.97228,0.0318742,6.00416
202221,2023-10-06,82842,4756,39,5.74105,0.0470776,5.78813
202222,2023-10-06,78158,3785,46,4.84275,0.0588551,4.90161
202223,2023-10-06,75043,2451,34,3.26613,0.0453074,3.31143
202224,2023-10-06,69476,1600,42,2.30295,0.0604525,2.36341
202225,2023-10-06,66510,1084,40,1.62983,0.0601413,1.68997
202226,2023-10-06,64429,780,37,1.21063,0.0574276,1.26806
202227,2023-10-06,63996,593,30,0.92662,0.0468779,0.973498
202228,2023-10-06,61558,438,50,0.711524,0.0812242,0.792748
202229,2023-10-06,62251,348,38,0.559027,0.0610432,0.62007
202230,2023-10-06,57937,268,31,0.462571,0.0535064,0.516078
202231,2023-10-06,54829,240,29,0.437725,0.0528917,0.490616
202232,2023-10-06,52169,224,27,0.429374,0.0517549,0.481129
202233,2023-10-06,53636,223,34,0.415766,0.0633903,0.479156
202234,2023-10-06,57496,300,41,0.521775,0.0713093,0.593085
202235,2023-10-06,59999,335,35,0.558343,0.0583343,0.616677
202236,2023-10-06,59748,428,22,0.716342,0.0368213,0.753163
202237,2023-10-06,62269,503,37,0.807786,0.0594196,0.867205
202238,2023-10-06,67455,775,65,1.14891,0.0963605,1.24527
202239,2023-10-06,66897,1268,83,1.89545,0.124071,2.01952
202240,2024-10-04,78249,1984,105,2.5355,0.134187,2.66968
202241,2024-10-04,88055,2961,88,3.36267,0.0999375,3.46261
202242,2024-10-04,95427,5080,108,5.32344,0.113176,5.43662
202243,2024-10-04,112851,9341,113,8.27729,0.100132,8.37742
202244,2024-10-04,133627,16953,145,12.6868,0.108511,12.7953
202245,2024-10-04,144126,21338,188,14.8051,0.130441,14.9355
202246,2024-10-04,157775,28750,189,18.2222,0.119791,18.3419
202247,2024-10-04,157960,40596,179,25.7002,0.11332,25.8135
202248,2024-10-04,191785,48835,172,25.4634,0.0896838,25.5531
202249,2024-10-04,182500,47727,208,26.1518,0.113973,26.2658
202250,2024-10-04,172825,42073,216,24.3443,0.124982,24.4693
202251,2024-10-04,151384,31309,143,20.6818,0.0944618,20.7763
202252,2024-10-04,138757,20501,173,14.7748,0.124678,14.8994
202301,2024-10-04,121002,10268,153,8.48581,0.126444,8.61225
202302,2024-10-04,109210,4852,156,4.44282,0.142844,4.58566
202303,2024-10-04,106790,2982,158,2.7924,0.147954,2.94035
202304,2024-10-04,99616,1943,169,1.95049,0.169651,2.12014
202305,2024-10-04,97168,1426,200,1.46756,0.205829,1.67339
202306,2024-10-04,100754,1111,269,1.10269,0.266987,1.36967
202307,2024-10-04,95973,780,261,0.812729,0.271951,1.08468
202308,2024-10-04,92696,725,219,0.782127,0.236256,1.01838
202309,2024-10-04,90640,609,227,0.671889,0.250441,0.92233
202310,2024-10-04,86376,602,298,0.696953,0.345003,1.04196
202311,2024-10-04,84308,490,264,0.581202,0.313138,0.89434
202312,2024-10-04,82274,477,304,0.57977,0.369497,0.949267
202313,2024-10-04,76692,380,356,0.495488,0.464194,0.959683
202314,2024-10-04,72529,401,365,0.552882,0.503247,1.05613
202315,2024-10-04,61439,281,342,0.457364,0.55665,1.01401
202316,2024-10-04,56701,209,266,0.3686,0.469128,0.837728
202317,2024-10-04,53442,221,289,0.413532,0.540773,0.954306
202318,2024-10-04,52888,199,300,0.376267,0.567236,0.943503
202319,2024-10-04,54713,198,359,0.361888,0.656151,1.01804
202320,2024-10-04,47958,192,372,0.40035,0.775679,1.17603
202321,2024-10-04,44133,225,302,0.509823,0.684295,1.19412
202322,2024-10-04,42516,250,305,0.588014,0.717377,1.30539
202323,2024-10-04,39470,224,208,0.56752,0.526983,1.0945
202324,2024-10-04,35938,212,186,0.589905,0.517558,1.10746
202325,2024-10-04,32938,190,122,0.576841,0.370393,0.947234
202326,2024-10-04,30331,221,114,0.728627,0.375853,1.10448
202327,2024-10-04,30289,268,98,0.88481,0.32355,1.20836
202328,2024-10-04,30661,187,119,0.609895,0.388115,0.998011
202329,2024-10-04,30857,200,108,0.648151,0.350002,0.998153
202330,2024-10-04,31387,183,129,0.583044,0.410998,0.994042
202331,2024-10-04,32425,203,142,0.62606,0.437934,1.06399
202332,2024-10-04,36133,184,125,0.50923,0.345944,0.855174
202333,2024-10-04,40456,212,151,0.524026,0.373245,0.897271
202334,2024-10-04,47416,233,132,0.491395,0.278387,0.769782
202335,2024-10-04,53059,266,115,0.501329,0.21674,0.718069
202336,2024-10-04,55332,262,126,0.473505,0.227716,0.701222
202337,2024-10-04,58288,314,148,0.538704,0.253912,0.792616
202338,2024-10-04,61602,347,217,0.563293,0.352261,0.915555
202339,2024-10-04,61810,360,217,0.58243,0.351076,0.933506
202340,2025-09-26,64939,430,285,0.66216,0.438873,1.10103
202341,2025-09-26,65514,594,290,0.906676,0.442653,1.34933
202342,2025-09-26,66801,693,318,1.03741,0.476041,1.51345
202343,2025-09-26,69229,862,393,1.24514,0.567681,1.81282
202344,2025-09-26,77193,1456,566,1.88618,0.733227,2.61941
202345,2025-09-26,92301,2582,1072,2.79737,1.16142,3.95879
202346,2025-09-26,100657,3647,1250,3.6232,1.24184,4.86504
202347,2025-09-26,95965,4334,1347,4.51623,1.40364,5.91987
202348,2025-09-26,118752,6571,1705,5.53338,1.43577,6.96915
202349,2025-09-26,126299,10169,2207,8.05153,1.74744,9.79897
202350,2025-09-26,138909,15256,3340,10.9827,2.40445,13.3872
202351,2025-09-26,155722,22285,4688,14.3108,3.01049,17.3213
202352,2025-09-26,153922,22917,5035,14.8887,3.27114,18.1605
202401,2025-09-26,137969,15374,3666,11.1431,2.65712,13.8031
202402,2025-09-26,130403,14376,3706,11.0243,2.84196,13.867
202403,2025-09-26,116068,13213,4084,11.3838,3.51863,14.9059
202404,2025-09-26,120481,14151,5283,11.7454,4.38492,16.1303
202405,2025-09-26,123949,13525,6687,10.9117,5.39496,16.3067
202406,2025-09-26,124097,12145,7526,9.7867,6.06461,15.8521
202407,2025-09-26,120149,11042,7662,9.19026,6.37708,15.5673
202408,2025-09-26,118107,10143,8185,8.58798,6.93016,15.5181
202409,2025-09-26,109663,8944,7447,8.1559,6.7908,14.9467
202410,2025-09-26,103198,7780,6901,7.53891,6.68715,14.2261
202411,2025-09-26,97623,5798,5840,5.93917,5.9822,11.9214
202412,2025-09-26,90497,4766,4612,5.26647,5.0963,10.3628
202413,2025-09-26,86150,4001,3884,4.64423,4.50842,9.15264
202414,2025-09-26,81799,3243,2923,3.9646,3.57339,7.53799
202415,2025-09-26,77973,2389,2128,3.06388,2.72915,5.79303
202416,2025-09-26,71822,1866,1551,2.59809,2.15951,4.7576
202417,2025-09-26,70211,1496,1172,2.13072,1.66925,3.79997
202418,2025-09-26,60132,1106,816,1.83929,1.35701,3.1963
202419,2025-09-26,54075,807,451,1.49237,0.834027,2.3264
202420,2025-09-26,52042,595,354,1.14331,0.68022,1.82353
202421,2025-09-26,50362,538,288,1.06827,0.57186,1.64013
202422,2025-09-26,45394,562,182,1.23805,0.400934,1.63898
202423,2025-09-26,43789,503,145,1.14869,0.331133,1.47982
202424,2025-09-26,41945,425,113,1.01323,0.2694,1.28263
202425,2025-09-26,39787,341,76,0.857064,0.191017,1.04808
202426,2025-09-26,37950,294,44,0.774704,0.115942,0.890646
202427,2025-09-26,38217,344,33,0.900123,0.086349,0.986472
202428,2025-09-26,41312,304,39,0.735864,0.0944036,0.830267
202429,2025-09-26,41425,256,31,0.617984,0.074834,0.692818
202430,2025-09-26,44143,239,27,0.541422,0.0611649,0.602587
202431,2025-09-26,45125,215,37,0.476454,0.0819945,0.558449
202432,2025-09-26,46583,199,27,0.427194,0.0579611,0.485156
202433,2025-09-26,50508,201,27,0.397957,0.0534569,0.451414
202434,2025-09-26,53810,205,30,0.38097,0.0557517,0.436722
202435,2025-09-26,59674,211,37,0.353588,0.0620036,0.415591
202436,2025-09-26,59672,234,29,0.392144,0.048599,0.440743
202437,2025-09-26,62349,271,26,0.43465,0.0417007,0.476351
202438,2025-09-26,63235,295,41,0.466514,0.0648375,0.531351
202439,2025-09-26,57421,244,60,0.424932,0.104491,0.529423
202440,2026-10-09,66165,390,56,0.589436,0.0846369,0.674072
202441,2026-10-09,69715,414,54,0.593846,0.0774582,0.671305
202442,2026-10-09,72764,465,63,0.639052,0.0865813,0.725634
202443,2026-10-09,75599,643,86,0.85054,0.113758,0.964298
202444,2026-10-09,75256,843,74,1.12018,0.098331,1.21851
202445,2026-10-09,76715,1088,84,1.41824,0.109496,1.52773
202446,2026-10-09,81959,1604,126,1.95708,0.153735,2.11081
202447,2026-10-09,86733,2291,167,2.64144,0.192545,2.83398
202448,2026-10-09,83808,3122,187,3.72518,0.223129,3.94831
202449,2026-10-09,98298,4803,261,4.88616,0.265519,5.15168
202450,2026-10-09,106217,8760,368,8.24727,0.346461,8.59373
202451,2026-10-09,123538,17004,513,13.7642,0.415257,14.1794
202452,2026-10-09,131071,23288,612,17.7675,0.466923,18.2344
202501,2026-10-09,138730,24614,660,17.7424,0.475744,18.2181
202502,2026-10-09,133713,23900,700,17.8741,0.523509,18.3976
202503,2026-10-09,141593,32808,926,23.1706,0.653987,23.8246
202504,2026-10-09,148220,41315,1293,27.8741,0.872352,28.7465
202505,2026-10-09,173919,52929,2113,30.4331,1.21493,31.6481
202506,2026-10-09,178400,53136,2900,29.7848,1.62556,31.4103
202507,2026-10-09,160655,41545,3177,25.8598,1.97753,27.8373
202508,2026-10-09,141640,30297,3612,21.3901,2.55013,23.9403
202509,2026-10-09,133283,22365,3598,16.7801,2.69952,19.4796
202510,2026-10-09,117138,14896,3677,12.7166,3.13903,15.8557
202511,2026-10-09,107927,10590,3779,9.81219,3.50144,13.3136
202512,2026-10-09,97458,6506,3950,6.6757,4.05303,10.7287
202513,2026-10-09,90719,4481,3891,4.93943,4.28907,9.2285
202514,2026-10-09,82839,2864,3415,3.45731,4.12245,7.57976
202515,2026-10-09,79981,1869,3063,2.3368,3.82966,6.16646
202516,2026-10-09,74734,1348,2599,1.80373,3.47767,5.2814
202517,2026-10-09,72236,1004,2189,1.38989,3.03034,4.42023
202518,2026-10-09,64423,621,1531,0.963941,2.37648,3.34042
202519,2026-10-09,55634,399,1060,0.717187,1.90531,2.6225
202520,2026-10-09,53732,282,870,0.524827,1.61915,2.14397
202521,2026-10-09,50941,266,713,0.522173,1.39966,1.92183
202522,2026-10-09,47448,289,596,0.609088,1.25611,1.8652
202523,2026-10-09,45892,263,469,0.573085,1.02196,1.59505
202524,2026-10-09,42466,194,316,0.456836,0.744125,1.20096
202525,2026-10-09,39431,188,221,0.476782,0.560473,1.03725
202526,2026-10-09,35472,172,129,0.484889,0.363667,0.848557
202527,2026-10-09,34597,161,115,0.465358,0.332399,0.797757
202528,2026-10-09,35273,152,119,0.430925,0.337369,0.768293
202529,2026-10-09,33849,114,67,0.33679,0.197938,0.534728
202530,2026-10-09,34438,102,37,0.296184,0.107439,0.403624
202531,2026-10-09,34319,112,38,0.32635,0.110726,0.437076
202532,2026-10-09,36638,104,35,0.283858,0.0955292,0.379388
202533,2026-10-09,40322,104,32,0.257924,0.0793611,0.337285
202534,2026-10-09,44435,135,34,0.303815,0.0765163,0.380331
202535,2026-10-09,49631,157,40,0.316335,0.0805948,0.396929
202536,2026-10-09,50612,174,22,0.343792,0.043468,0.38726
202537,2026-10-09,55430,221,30,0.398701,0.0541223,0.452823
202538,2026-10-09,56705,236,32,0.416189,0.0564324,0.472621
202539,2026-10-09,54629,307,46,0.561973,0.0842044,0.646177
202540,2026-10-09,55466,245,46,0.441712,0.0829337,0.524646
202541,2026-10-09,57037,257,44,0.450585,0.0771429,0.527728
202542,2026-10-09,55540,307,51,0.552755,0.0918257,0.64458
202543,2026-10-09,56782,399,47,0.702687,0.0827727,0.78546
202544,2026-10-09,56102,552,62,0.983922,0.110513,1.09444
202545,2026-10-09,61990,1061,120,1.71157,0.19358,1.90515
202546,2026-10-09,63050,1878,180,2.97859,0.285488,3.26408
202547,2026-10-09,66223,3340,286,5.04356,0.431874,5.47544
202548,2026-10-09,63137,4772,293,7.55817,0.46407,8.02224
202549,2026-10-09,73142,6237,335,8.52725,0.458013,8.98526
202550,2026-10-09,82899,12213,600,14.7324,0.723772,15.4562
202551,2026-10-09,106007,25740,1380,24.2814,1.3018,25.5832
202552,2026-10-09,120165,36026,2071,29.9804,1.72346,31.7039
202553,2026-10-09,117308,27293,1674,23.2661,1.42701,24.6931
202601,2026-10-09,108413,18759,1409,17.3033,1.29966,18.6029
202602,2026-10-09,95894,14829,1504,15.4639,1.5684,17.0323
202603,2026-10-09,91958,13686,2422,14.8829,2.63381,17.5167
202604,2026-10-09,88051,12093,3237,13.7341,3.67628,17.4104
202605,2026-10-09,94526,11944,5111,12.6357,5.40698,18.0427
202606,2026-10-09,96274,9993,7649,10.3797,7.94503,18.3248
202607,2026-10-09,97624,7749,9845,7.9376,10.0846,18.0222
202608,2026-10-09,94017,5220,9516,5.55219,10.1216,15.6738
202609,2026-10-09,89860,3771,10017,4.19653,11.1473,15.3439
202610,2026-10-09,83479,2390,9144,2.863,10.9537,13.8166
202611,2026-10-09,75445,1541,6917,2.04255,9.16827,11.2108
202612,2026-10-09,70109,1126,5618,1.60607,8.01324,9.61931
202613,2026-10-09,64397,791,4175,1.22832,6.48322,7.71154
202614,2026-10-09,60366,535,3002,0.88626,4.973,5.85926
202615,2026-10-09,59373,447,2233,0.752867,3.76097,4.51384
202616,2026-10-09,54674,346,1521,0.632842,2.78194,3.41479
202617,2026-10-09,52397,256,1300,0.488578,2.48106,2.96964
202618,2026-10-09,51695,223,1057,0.431376,2.04469,2.47606
202619,2026-10-09,47578,150,758,0.315272,1.59317,1.90845
202620,2026-10-09,43481,115,556,0.264483,1.27872,1.5432
202621,2026-10-09,41559,138,406,0.332058,0.976924,1.30898
202622,2026-10-09,38215,88,261,0.230276,0.682978,0.913254
202623,2026-10-09,35217,70,208,0.198768,0.590624,0.789391
202624,2026-10-09,33001,67,145,0.203024,0.439381,0.642405
202625,2026-10-09,31714,76,75,0.239642,0.236489,0.47613
202626,2026-10-09,28302,86,71,0.303865,0.250866,0.554731
202627,2026-10-09,29490,138,86,0.467955,0.291624,0.75958
202628,2026-10-09,27736,87,64,0.313672,0.230747,0.544419
202629,2026-10-09,27512,99,26,0.359843,0.0945042,0.454347
202630,2026-10-09,26536,80,34,0.301477,0.128128,0.429605
202631,2026-10-09,27792,115,20,0.413788,0.0719632,0.485751
202632,2026-10-09,28991,155,39,0.534649,0.134525,0.669173
202633,2026-10-09,32455,232,26,0.714836,0.0801109,0.794947
202634,2026-10-09,35562,317,43,0.891401,0.120916,1.01232
202635,2026-10-09,39131,552,25,1.41065,0.063888,1.47453
202636,2026-10-09,41545,691,31,1.66326,0.0746179,1.73787
202637,2026-10-09,46085,1131,44,2.45416,0.0954758,2.54964
202638,2026-10-09,45923,1375,47,2.99414,0.102345,3.09649
202639,2026-10-09,39317,1392,43,3.54045,0.109367,3.64982
