date,week,outbreak,ili_pct,a_pct,b_pct,h3n2,h1n1,title_hint,bytes,url
20260715,28,1,,,,76.4,96.9,第28周第917期中国流感监测周报 时间： 2026-07-16 供稿： --> 供稿：,25998,https://www.chinacdc.cn/jksj/jksj04_14249/./202607/t20260715_1838199.html
20260730,30,3,,,,77.8,96.9,第30周第919期中国流感监测周报 时间： 2026-07-30 供稿： --> 供稿：,26001,https://www.chinacdc.cn/jksj/jksj04_14249/./202607/t20260730_1838509.html
20260806,31,,,,,79.6,97.8,第31周第920期中国流感监测周报 时间： 2026-08-06 供稿： --> 供稿：,26259,https://www.chinacdc.cn/jksj/jksj04_14249/./202608/t20260806_1838719.html
20260812,32,1,,,,79.6,97.8,第32周第921期中国流感监测周报 时间： 2026-08-12 供稿： --> 供稿：,26125,https://www.chinacdc.cn/jksj/jksj04_14249/./202608/t20260812_1838912.html
20260821,33,2,,,,81.7,97.8,第33周第922期中国流感监测周报 时间： 2026-08-21 供稿： --> 供稿：,29791,https://www.chinacdc.cn/jksj/jksj04_14249/./202608/t20260821_1839076.html
20260831,34,,,,,81.7,97.8,第34周第923期中国流感监测周报 时间： 2026-08-31 供稿： --> 供稿：,26274,https://www.chinacdc.cn/jksj/jksj04_14249/./202608/t20260831_1839685.html
20260903,35,,,,,82.9,96.6,第35周第924期中国流感监测周报 时间： 2026-09-03 供稿： --> 供稿：,26406,https://www.chinacdc.cn/jksj/jksj04_14249/./202609/t20260903_1839747.html
20260910,36,7,,67.1,32.9,95.9,4.1,第36周第925期中国流感监测周报 时间： 2026-09-10 供稿： --> 供稿：,26451,https://www.chinacdc.cn/jksj/jksj04_14249/./202609/t20260910_1840006.html
20260917,37,34,,69.9,30.1,94.5,5.5,第37周第926期中国流感监测周报 时间： 2026-09-17 供稿： --> 供稿：,26454,https://www.chinacdc.cn/jksj/jksj04_14249/./202609/t20260917_1840266.html
20260926,38,47,,64.1,35.9,94.2,5.8,第38周第927期中国流感监测周报 时间： 2026-09-26 供稿： --> 供稿：,26460,https://www.chinacdc.cn/jksj/jksj04_14249/./202609/t20260926_1841814.html
20261008,39,20,,61.9,38.1,90.6,9.4,第39周第928期中国流感监测周报 时间： 2026-10-01 供稿： 改水中心 --,23435,https://www.chinacdc.cn/jksj/jksj04_14249/./202610/t20261008_1842100.html
20261008,40,10,,63.2,36.8,86.9,13.1,第40周第929期中国流感监测周报,26912,https://www.chinacdc.cn/jksj/jksj04_14249/202610/t20261008_1842096.html
