情景,出生假设,年份,毛入园率,在园幼儿_万人,下界_万人,上界_万人
S1_稳住,低_延续,2026,92.9,2840.2,2788.4,2926.8
S1_稳住,低_延续,2027,92.9,2735.1,2685.3,2818.6
S1_稳住,低_延续,2028,92.9,2575.6,2528.7,2654.2
S1_稳住,低_延续,2029,92.9,2468.6,2423.6,2543.9
S1_稳住,低_延续,2030,92.9,2311.1,2268.9,2381.6
S1_稳住,低_延续,2031,92.9,2311.1,2268.9,2381.6
S1_稳住,低_延续,2032,92.9,2311.1,2268.9,2381.6
S1_稳住,低_延续,2033,92.9,2311.1,2268.9,2381.6
S1_稳住,低_延续,2034,92.9,2311.1,2268.9,2381.6
S1_稳住,低_延续,2035,92.9,2311.1,2268.9,2381.6
S1_稳住,中_龙年波动,2026,92.9,2840.2,2788.4,2926.8
S1_稳住,中_龙年波动,2027,92.9,2735.1,2685.3,2818.6
S1_稳住,中_龙年波动,2028,92.9,2575.6,2528.7,2654.2
S1_稳住,中_龙年波动,2029,92.9,2527.0,2480.9,2604.1
S1_稳住,中_龙年波动,2030,92.9,2369.4,2326.2,2441.7
S1_稳住,中_龙年波动,2031,92.9,2369.4,2326.2,2441.7
S1_稳住,中_龙年波动,2032,92.9,2311.1,2268.9,2381.6
S1_稳住,中_龙年波动,2033,92.9,2311.1,2268.9,2381.6
S1_稳住,中_龙年波动,2034,92.9,2311.1,2268.9,2381.6
S1_稳住,中_龙年波动,2035,92.9,2311.1,2268.9,2381.6
S1_稳住,高_回升,2026,92.9,2840.2,2788.4,2926.8
S1_稳住,高_回升,2027,92.9,2735.1,2685.3,2818.6
S1_稳住,高_回升,2028,92.9,2575.6,2528.7,2654.2
S1_稳住,高_回升,2029,92.9,2486.1,2440.8,2562.0
S1_稳住,高_回升,2030,92.9,2363.6,2320.5,2435.7
S1_稳住,高_回升,2031,92.9,2416.1,2372.0,2489.8
S1_稳住,高_回升,2032,92.9,2468.6,2423.6,2543.9
S1_稳住,高_回升,2033,92.9,2521.1,2475.2,2598.1
S1_稳住,高_回升,2034,92.9,2573.7,2526.7,2652.2
S1_稳住,高_回升,2035,92.9,2626.2,2578.3,2706.3
S2_缓升,低_延续,2026,93.45,2857.0,2804.9,2944.2
S2_缓升,低_延续,2027,94.0,2767.5,2717.1,2851.9
S2_缓升,低_延续,2028,94.55000000000001,2621.4,2573.6,2701.3
S2_缓升,低_延续,2029,95.10000000000001,2527.1,2481.0,2604.2
S2_缓升,低_延续,2030,95.65,2379.5,2336.1,2452.1
S2_缓升,低_延续,2031,96.2,2393.1,2349.5,2466.2
S2_缓升,低_延续,2032,96.75,2406.8,2362.9,2480.2
S2_缓升,低_延续,2033,97.0,2413.0,2369.0,2486.7
S2_缓升,低_延续,2034,97.0,2413.0,2369.0,2486.7
S2_缓升,低_延续,2035,97.0,2413.0,2369.0,2486.7
S2_缓升,中_龙年波动,2026,93.45,2857.0,2804.9,2944.2
S2_缓升,中_龙年波动,2027,94.0,2767.5,2717.1,2851.9
S2_缓升,中_龙年波动,2028,94.55000000000001,2621.4,2573.6,2701.3
S2_缓升,中_龙年波动,2029,95.10000000000001,2586.8,2539.7,2665.7
S2_缓升,中_龙年波动,2030,95.65,2439.5,2395.1,2514.0
S2_缓升,中_龙年波动,2031,96.2,2453.6,2408.8,2528.4
S2_缓升,中_龙年波动,2032,96.75,2406.8,2362.9,2480.2
S2_缓升,中_龙年波动,2033,97.0,2413.0,2369.0,2486.7
S2_缓升,中_龙年波动,2034,97.0,2413.0,2369.0,2486.7
S2_缓升,中_龙年波动,2035,97.0,2413.0,2369.0,2486.7
S2_缓升,高_回升,2026,93.45,2857.0,2804.9,2944.2
S2_缓升,高_回升,2027,94.0,2767.5,2717.1,2851.9
S2_缓升,高_回升,2028,94.55000000000001,2621.4,2573.6,2701.3
S2_缓升,高_回升,2029,95.10000000000001,2545.0,2498.6,2622.6
S2_缓升,高_回升,2030,95.65,2433.5,2389.2,2507.8
S2_缓升,高_回升,2031,96.2,2501.9,2456.3,2578.2
S2_缓升,高_回升,2032,96.75,2570.9,2524.1,2649.4
S2_缓升,高_回升,2033,97.0,2632.4,2584.4,2712.7
S2_缓升,高_回升,2034,97.0,2687.3,2638.3,2769.2
S2_缓升,高_回升,2035,97.0,2742.1,2692.1,2825.7
S3_冲顶,低_延续,2026,94.5,2889.1,2836.4,2977.2
S3_冲顶,低_延续,2027,96.10000000000001,2829.3,2777.8,2915.7
S3_冲顶,低_延续,2028,97.7,2708.7,2659.3,2791.3
S3_冲顶,低_延续,2029,99.30000000000001,2638.7,2590.6,2719.2
S3_冲顶,低_延续,2030,100.0,2487.7,2442.3,2563.6
S3_冲顶,低_延续,2031,100.0,2487.7,2442.3,2563.6
S3_冲顶,低_延续,2032,100.0,2487.7,2442.3,2563.6
S3_冲顶,低_延续,2033,100.0,2487.7,2442.3,2563.6
S3_冲顶,低_延续,2034,100.0,2487.7,2442.3,2563.6
S3_冲顶,低_延续,2035,100.0,2487.7,2442.3,2563.6
S3_冲顶,中_龙年波动,2026,94.5,2889.1,2836.4,2977.2
S3_冲顶,中_龙年波动,2027,96.10000000000001,2829.3,2777.8,2915.7
S3_冲顶,中_龙年波动,2028,97.7,2708.7,2659.3,2791.3
S3_冲顶,中_龙年波动,2029,99.30000000000001,2701.1,2651.8,2783.5
S3_冲顶,中_龙年波动,2030,100.0,2550.5,2504.0,2628.3
S3_冲顶,中_龙年波动,2031,100.0,2550.5,2504.0,2628.3
S3_冲顶,中_龙年波动,2032,100.0,2487.7,2442.3,2563.6
S3_冲顶,中_龙年波动,2033,100.0,2487.7,2442.3,2563.6
S3_冲顶,中_龙年波动,2034,100.0,2487.7,2442.3,2563.6
S3_冲顶,中_龙年波动,2035,100.0,2487.7,2442.3,2563.6
S3_冲顶,高_回升,2026,94.5,2889.1,2836.4,2977.2
S3_冲顶,高_回升,2027,96.10000000000001,2829.3,2777.8,2915.7
S3_冲顶,高_回升,2028,97.7,2708.7,2659.3,2791.3
S3_冲顶,高_回升,2029,99.30000000000001,2657.4,2609.0,2738.5
S3_冲顶,高_回升,2030,100.0,2544.2,2497.8,2621.8
S3_冲顶,高_回升,2031,100.0,2600.8,2553.3,2680.1
S3_冲顶,高_回升,2032,100.0,2657.3,2608.8,2738.4
S3_冲顶,高_回升,2033,100.0,2713.8,2664.3,2796.6
S3_冲顶,高_回升,2034,100.0,2770.4,2719.9,2854.9
S3_冲顶,高_回升,2035,100.0,2826.9,2775.4,2913.1
