关闭数,占比,可达性代价,增幅
0,0.0,11896.717969152241,0.0
1,0.016666666666666666,11913.286147483443,0.0013926679924800567
2,0.03333333333333333,11930.89881536585,0.0028731324304938077
3,0.05,11951.213883651622,0.0045807519889675685
4,0.06666666666666667,11977.394247262419,0.00678138948232343
5,0.08333333333333333,12005.063275922239,0.0091071593905927
6,0.1,12034.545389763782,0.011585331430813195
7,0.11666666666666667,12066.186433547762,0.01424497620561782
8,0.13333333333333333,12098.319411219803,0.016945971367086976
9,0.15,12133.798842997629,0.019928258739942306
10,0.16666666666666666,12172.540587180552,0.023184765642382033
11,0.18333333333333332,12214.000801910712,0.026669778470093553
12,0.2,12256.090571993267,0.030207709703875096
13,0.21666666666666667,12301.958107445564,0.034063187792136906
14,0.23333333333333334,12357.949759086228,0.03876966665343695
15,0.25,12415.350426939927,0.04359458290366147
16,0.26666666666666666,12478.090820486821,0.04886833938923818
17,0.2833333333333333,12540.85517074525,0.054144109599238543
18,0.3,12627.909791208247,0.06146164210599592
19,0.31666666666666665,12717.174339171079,0.0689649340386358
20,0.3333333333333333,12815.68668782164,0.07724556647070657
21,0.35,12922.308574359771,0.08620786067778097
22,0.36666666666666664,13030.829982488733,0.09532982258444744
23,0.38333333333333336,13139.730522287893,0.10448365308471952
24,0.4,13257.601130744286,0.11439147881968492
25,0.4166666666666667,13392.90659530591,0.12576482270431488
26,0.43333333333333335,13536.033720852773,0.13779563035378484
27,0.45,13682.738297338528,0.15012714706840757
28,0.4666666666666667,13831.903869975162,0.16266552723539274
29,0.48333333333333334,14005.932316233997,0.17729380090802116
30,0.5,14185.989694595639,0.1924288472988429
31,0.5166666666666667,14405.085107396852,0.21084530580187866
32,0.5333333333333333,14635.541620159023,0.230216741971059
33,0.55,14880.516930816018,0.2508085817786603
34,0.5666666666666667,15159.31750767367,0.2742436651000075
35,0.5833333333333334,15448.236713869617,0.2985292879873538
36,0.6,15756.610860178436,0.3244502308144781
37,0.6166666666666667,16078.391780789334,0.3514981041393115
38,0.6333333333333333,16445.007429128644,0.3823146410438536
39,0.65,16819.576284352184,0.41379969904008274
40,0.6666666666666666,17206.40622143838,0.44631538429791884
41,0.6833333333333333,17645.481538716995,0.4832226488407214
42,0.7,18099.38092675671,0.521375977281108
43,0.7166666666666667,18555.114515332636,0.5596834827424988
44,0.7333333333333333,19014.11070689664,0.5982652321589486
45,0.75,19475.573204118038,0.6370542913278683
46,0.7666666666666667,20046.9123612264,0.6850792305245295
47,0.7833333333333333,20727.51655875601,0.7422886389760361
48,0.8,21417.86355820268,0.8003169961445185
49,0.8166666666666667,22172.91356388621,0.8637840807338437
50,0.8333333333333334,22967.00936570562,0.9305332298587092
51,0.85,24429.851683876674,1.0534950687426896
52,0.8666666666666667,25968.10862193372,1.1827960189749884
53,0.8833333333333333,27805.574251742615,1.337247493286927
54,0.9,29843.02260996739,1.508508875082125
55,0.9166666666666666,32978.441042710496,1.772062103869521
